label,media,date,longText,major,important,gaming,drawing,collab,video
„ÄêDEBUT STREAM„ÄëHi!üêô #hololiveEnglish #holoMyth,https://i3.ytimg.com/vi/ujCxiHpVYmg/maxresdefault.jpg,9/12/2020,"Where everything began. Looking back at what you wanted to achieve, you've definitely made a lot of progress, and made good on a lot of your goals! Let's accomplish a lot this year as well!",TRUE,TRUE,FALSE,FALSE,FALSE,https://www.youtube.com/watch?v=ujCxiHpVYmg
„ÄêCOLLAB„ÄëThe Interrogation Begins.... #hololiveEnglish #holoMyth,https://i3.ytimg.com/vi/zkbXdXbs8vk/maxresdefault.jpg,9/12/2020,"The first full HoloMyth collab, right on the day of debut! The tiny doodles on your board will never not be adorable. And you won your very first golden YAGOO! What even happened with the points...?",FALSE,TRUE,FALSE,FALSE,TRUE,https://www.youtube.com/watch?v=zkbXdXbs8vk
„ÄêCHAT+DOODLE„ÄëLet's Draw HoloEN!!,https://i3.ytimg.com/vi/SmEGHvxZGH8/maxresdefault.jpg,9/13/2020,"Your very first drawing stream, and the first stream on your channel after debut! We still marvel at how you draw and chat with us at the same time.",FALSE,FALSE,FALSE,TRUE,FALSE,https://www.youtube.com/watch?v=SmEGHvxZGH8
„ÄêCALL OF CTHULU„Äë New Phone Who Dis #TAKOTIME #hololiveEnglish #holoMyth,https://i3.ytimg.com/vi/0BgP7rXJSJg/maxresdefault.jpg,9/14/2020,"The first game stream on your channel! A truly unforgettable experience, but somehow we don't remember the Arkham Editions...",FALSE,FALSE,TRUE,FALSE,FALSE,https://www.youtube.com/watch?v=0BgP7rXJSJg
„ÄêCHAT„ÄëThank you!!!,https://i3.ytimg.com/vi/K7rQRj-jcdU/maxresdefault.jpg,9/18/2020,"Barely a week in and your channel received monetization! Lots of superchats and 10Qs all around, and you sung us your favorite Aimer song! Also delicious fire noodles...",TRUE,TRUE,FALSE,FALSE,FALSE,https://www.youtube.com/watch?v=K7rQRj-jcdU
„ÄêCOLLAB„ÄëArknights waifu ranking with Ninomae Ina‚Äônis #takotime #kfp #„Ç≠„Ç¢„É©„Ç§„Éñ,https://i3.ytimg.com/vi/BEiVBJ0RuBE/maxresdefault.jpg,9/22/2020,"Your first one-on-one collab, in which you rank your favorite waifus of Arknights with Kiara! APPLE PIE.",FALSE,FALSE,FALSE,FALSE,TRUE,https://www.youtube.com/watch?v=BEiVBJ0RuBE
„ÄêLET'S WATCH„ÄëColor Out of Space Watchalong!,https://img.youtube.com/vi/uDEGyaTeapc/maxresdefault.jpg,9/24/2020,"Your very first watchalong! We definitely had our sanity tested this stream, but this is a movie that has stood the test of time--we still reference it to this day!",TRUE,FALSE,FALSE,FALSE,FALSE,https://www.youtube.com/watch?v=uDEGyaTeapc
„ÄêDRAWING„Äë!!!!!,https://img.youtube.com/vi/WRr6UHAFTQY/maxresdefault.jpg,9/29/2020,"Although the memberships were delayed, we still had a great time during your first ever emote-drawing stream! Takos couldn't wait to use these emotes in YouTube Chat!",FALSE,FALSE,FALSE,TRUE,FALSE,https://www.youtube.com/watch?v=WRr6UHAFTQY
„ÄêCall of Cthulhu„ÄëCreative Title #325,https://i3.ytimg.com/vi/q4xp4XvxAfY/maxresdefault.jpg,9/30/2020,The day your memberships opened--finally we understood how we would evolve from our void forms! Still didn't expect to find the key to the boiler room here...,TRUE,TRUE,TRUE,FALSE,FALSE,https://www.youtube.com/watch?v=q4xp4XvxAfY
„ÄêDRAWING„ÄëTime ART-tack!!!!?!,https://i3.ytimg.com/vi/CscBB82hvaE/maxresdefault.jpg,10/5/2020,"An absolutely adorable illustration of Fubuki, drawn for her birthday! You're one step closer to drawing everybody in Hololive! As always, thank you for all the wonderful art tips!",FALSE,FALSE,FALSE,TRUE,FALSE,https://www.youtube.com/watch?v=CscBB82hvaE
„ÄêDRAWING„ÄëGesture Drawing + Doodle #1,https://i3.ytimg.com/vi/ilE_78nVEOA/maxresdefault.jpg,10/11/2020,"Today marks the founding of Inacademy! Perhaps if we continue to study with you, we can graduate with our drawing degrees someday... (we also got the first stream that started without a loading screen)",FALSE,FALSE,FALSE,TRUE,FALSE,https://www.youtube.com/watch?v=ilE_78nVEOA
[MINECRAFT] HOLO EN SERVER #HololiveEnglish,https://i3.ytimg.com/vi/NS3_sNTwIRw/maxresdefault.jpg,10/11/2020,"The first collab stream on the HoloEN minecraft server! You all spent quite a bit of time in that tunnel... It turned out great in the end, though!",FALSE,FALSE,TRUE,FALSE,TRUE,https://www.youtube.com/watch?v=NS3_sNTwIRw
„ÄêCOLLAB„ÄëThere is Pasta Among Us,https://i3.ytimg.com/vi/9YstLjaAuE4/maxresdefault.jpg,10/24/2020,The first collab with NePoLaBo and HoloMyth playing Among Us--this is the very first time we learnt that Ina is actually a yandere (somewhat)! Also the beginning of a love story between a seal and tako... ,TRUE,TRUE,TRUE,FALSE,TRUE,https://www.youtube.com/watch?v=9YstLjaAuE4
„ÄêDRAWING„Äë Gesture Drawing + Doodle #4,https://i3.ytimg.com/vi/BmDH6j8gjUo/maxresdefault.jpg,11/1/2020,"After Inacademy class ended, we got to brainstorm even more adorable and iconic membership emotes!",FALSE,FALSE,FALSE,TRUE,FALSE,https://www.youtube.com/watch?v=BmDH6j8gjUo
„ÄêHOLOEN COLLAB„Äë KNOCK KNOCK!!,https://i3.ytimg.com/vi/nD5d_v9ZRpM/maxresdefault.jpg,11/1/2020,"Happy Holo-ween! A full HoloMyth collab playing Secret Neighbor, in which you showcase your incredible deception skills (and terrifying in-game microphone)!",FALSE,FALSE,TRUE,FALSE,TRUE,https://www.youtube.com/watch?v=nD5d_v9ZRpM
„ÄêDRAWING„ÄëENMA Design + Random Drawing Stream,https://i3.ytimg.com/vi/6k63mnYQrOM/maxresdefault.jpg,11/7/2020,"Your design sense is shown off in this stream, as you give the legendary Enma a proper form!",FALSE,FALSE,FALSE,TRUE,FALSE,https://www.youtube.com/watch?v=6k63mnYQrOM
„ÄêCOLLAB„Äë Drawing with Iofi-senpai!,https://i3.ytimg.com/vi/WFsdItkJ3Zw/maxresdefault.jpg,11/7/2020,The first collab with HoloID 1st gen: two perfectly normal humans drawing one another! We could tell you two hit it off right away.,FALSE,FALSE,FALSE,TRUE,TRUE,https://www.youtube.com/watch?v=WFsdItkJ3Zw
„ÄêDRAWING„Äë Gesture Drawing + Doodle #6,https://i3.ytimg.com/vi/om0nH98YlJ0/maxresdefault.jpg,11/15/2020,"Congratulations on 500k subscribers, Ina! The usual gesture drawing is always helpful to see, and the doodle with you wearing glasses is super cute. Glasses are really versatile...",TRUE,TRUE,FALSE,TRUE,FALSE,https://www.youtube.com/watch?v=om0nH98YlJ0
„ÄêHOLOEN COLLAB„Äë Don't Starve Together!!,https://i3.ytimg.com/vi/DT1cSErJshw/sddefault.jpg,11/21/2020,"First time playing Don't Starve Together! Ame tried her best to keep everyone organized, and somehow you guys managed to get together at the end without too many fatalities...",FALSE,FALSE,TRUE,FALSE,TRUE,https://www.youtube.com/watch?v=DT1cSErJshw
„ÄêCHAT„Äë We Need to Tako,https://i3.ytimg.com/vi/lSk_i-M_ZHk/maxresdefault.jpg,12/2/2020,"One of the scariest titles ever created... but you reveal that you're now a senpai! Also, the first stream to include the Christmas Tako loading screen!",FALSE,TRUE,FALSE,FALSE,FALSE,https://www.youtube.com/watch?v=lSk_i-M_ZHk
„ÄêDRAWING„Äë Let's Learn Krita Together!!,https://i3.ytimg.com/vi/rEMllwFvzgc/maxresdefault.jpg,12/5/2020,"Learning new programs is always fun! We got the chance to join you as you tried out Krita. Getting some tips along the way, learning a lot about how brushes work, the importance of flipping your canvas, and much more!",FALSE,FALSE,FALSE,TRUE,FALSE,https://www.youtube.com/watch?v=rEMllwFvzgc
„ÄêPuyo Puyo Tetris 2„Äë BOIN BOIN,https://i3.ytimg.com/vi/Oi0W1hTnWl8/maxresdefault.jpg,12/15/2020,Your very first sponsored stream! Your gaming prowess was shown to everyone this stream as you calmly destroyed your genmates! Maybe the Tetris player isn't at a slight disadvantage...,TRUE,TRUE,TRUE,FALSE,TRUE,https://www.youtube.com/watch?v=Oi0W1hTnWl8
„ÄêCOLLAB„Äë HAPPY HOLIDAYS!!!,https://i3.ytimg.com/vi/hFXAOzbrAiI/maxresdefault.jpg,12/18/2020,A full HoloMyth collab to decorate a Christmas tree on the HoloEN Minecraft server! It was wonderful seeing everybody get together and have fun for the Holidays.,FALSE,FALSE,TRUE,FALSE,TRUE,https://www.youtube.com/watch?v=hFXAOzbrAiI
„ÄêTITANFALL 2„Äë Phone Home? Home Phone?,https://i3.ytimg.com/vi/QNDlPofU1Yw/maxresdefault.jpg,12/19/2020,"Your first (and last) stream of Titanfall 2! You seemed to grasp the mechanics of the game right away, because it took you just over five hours to complete!",FALSE,FALSE,TRUE,FALSE,FALSE,https://www.youtube.com/watch?v=QNDlPofU1Yw
„ÄêMinecraft„Äë Hololive JP Server Tour with Nene and Polka!! ‚ô•‚ô•‚ô•,https://i3.ytimg.com/vi/bQK1ywHTTo8/maxresdefault.jpg,12/23/2020,Your first adventure in the wild JP Minecraft server. Nene and Polka do a great job showing you around--but somehow they're fighting over you? Is this another senpai to add to the harem?,FALSE,TRUE,TRUE,FALSE,TRUE,https://www.youtube.com/watch?v=bQK1ywHTTo8
Let's Make Macaron!! Takoholidays Cookie Showcase!!!,https://i3.ytimg.com/vi/0AKrsyMAaaI/maxresdefault.jpg,12/24/2020,"We were blessed with Takorons. Spending Christmas Eve with you was a blast, and Takos even show off their own creations! You even took your time to go through every submission... so sweet!",FALSE,TRUE,FALSE,FALSE,FALSE,https://www.youtube.com/watch?v=0AKrsyMAaaI
„ÄêMinecraft„Äë HO HO HO,https://i3.ytimg.com/vi/4PAzGV2-pgc/maxresdefault.jpg,12/25/2020,"MERRY CHRISTMAS! Spending time with the Tentacult on this wonderful day is truly heartwarming, and you build the iconic Torii gate that stands strong to this day!",FALSE,FALSE,TRUE,FALSE,FALSE,https://www.youtube.com/watch?v=4PAzGV2-pgc
„ÄêDRAWING„Äë Goodbye 2020! Last Doodle Stream of the Year!,https://i3.ytimg.com/vi/eCUflT3wpEE/maxresdefault.jpg,12/30/2020,"KIMONO INA!!! We went for a little trip down memory lane for the final doodle stream of the year. You wished for a year full of fun things, and we hope that you got what you wished for!",FALSE,FALSE,FALSE,TRUE,FALSE,https://www.youtube.com/watch?v=eCUflT3wpEE
„ÄêMinecraft„Äë HNY!!!,https://i3.ytimg.com/vi/Bi0Y1pv-tg4/maxresdefault.jpg,12/31/2020,"A nice and relaxing New Year's Eve in Minecraft watching fireworks together and being raided by pillagers. Thank you for everything this year, and let's do our best in 2021 as well!",FALSE,FALSE,TRUE,FALSE,FALSE,https://www.youtube.com/watch?v=Bi0Y1pv-tg4
„ÄêCHAT„Äë Resolutions & Goals for the New Year!!,https://i3.ytimg.com/vi/OcTUg6DHqb4/maxresdefault.jpg,1/1/2021,"HAPPY NEW YEAR! You go through your goals and resolutions for the new year, and even get to roll your first gacha of the year. Wait--you have to move your giant what...?",FALSE,TRUE,FALSE,FALSE,FALSE,https://www.youtube.com/watch?v=OcTUg6DHqb4
„ÄêCHAT„Äë TAKOYAKI PARTY!!!!,https://i3.ytimg.com/vi/yQwSFS96F4g/maxresdefault.jpg,1/6/2021,It's a party and we're invited!  ...to be the main dish?? But later you revealed the terrible truth... it wasn't takoyaki--it was ikayaki! Hope the mess wasn't too bad after the stream~,FALSE,FALSE,FALSE,FALSE,FALSE,https://www.youtube.com/watch?v=yQwSFS96F4g
„ÄêTIME-LAPSE„Äë New Year's Greetings,https://i3.ytimg.com/vi/-Aenybcitkc/maxresdefault.jpg,1/7/2021,Your very first time-lapse video! Seeing the process from start to finish with your own tips is truly amazing. Thank you so much for sharing your knowledge with us! The completed illustration is beautiful.,TRUE,TRUE,FALSE,TRUE,FALSE,https://www.youtube.com/watch?v=-Aenybcitkc
„ÄêRing Fit Adventure„Äë PAIN,https://i3.ytimg.com/vi/8L3ugw6yg4o/maxresdefault.jpg,1/8/2021,Your very first RFA stream! The pain and suffering is worth it if you want to increase your stamina so that you can draw even more!,FALSE,FALSE,TRUE,FALSE,FALSE,https://www.youtube.com/watch?v=8L3ugw6yg4o
„ÄêShadowverse„Äë Let's Draw Shadowverse!!!! (Sponsored),https://i3.ytimg.com/vi/usT_PYdvwms/maxresdefault.jpg,1/14/2021,Another sponsored stream! Your Luna illustration was super adorable.,FALSE,FALSE,FALSE,TRUE,FALSE,https://www.youtube.com/watch?v=usT_PYdvwms
„ÄêCOLLAB„Äë 51 Haachamas Around The World!!!,https://i3.ytimg.com/vi/AlKyymKUK-c/maxresdefault.jpg,1/15/2021,"A very fun collab featuring HoloEN's Haachama! Wait, is that a chess match? Oh no...",FALSE,FALSE,TRUE,FALSE,TRUE,https://www.youtube.com/watch?v=AlKyymKUK-c
MOLLY.ONLINE x Hololive JP 5th Generation,https://cdn.discordapp.com/attachments/884983162768330783/886505642372788224/d30268-353-701963-4.png,1/15/2021,"The MOLLY.ONLINE merchandise for Hololive 5th generation that you illustrated for was released, and the cross-generational bonds increased even more!",FALSE,TRUE,FALSE,TRUE,FALSE,https://prtimes.jp/main/html/rd/p/000000353.000030268.html
„ÄêPrincess Connect: Re Dive„Äë YABAI DESU NE!! Let's Draw Priconne!!!,https://i3.ytimg.com/vi/M_EjBmqo7gw/maxresdefault.jpg,1/21/2021,"Another sponsored stream, featuring Princess Connect: Re Dive this time! You showed us your unlocked potential as you gacha and color at the same time... Your Kokkoro illustration is super cute! Thank you for all the advice!",FALSE,FALSE,TRUE,TRUE,FALSE,https://www.youtube.com/watch?v=M_EjBmqo7gw
„Äê„ÅäÁµµÊèè„Åç„Ç≥„É©„Éú/Drawing collab„Äë„Ç§„Éä„Å°„ÇÉ„Çì„Ç§„Ç™„Éï„Ç£„Å°„ÇÉ„Çì„Å®„ÅäÁµµÊèè„ÅçÔºÅ„ÉªDrawing with Ina'nis chan&Iofi chan!„Äê„Éó„É≠Êº´ÁîªÂÆ∂Vtuber„Äë,https://i3.ytimg.com/vi/BuIuauiTfMc/maxresdefault.jpg,1/24/2021,"Your first collab stream with Pochi-sensei (mama)... your chatting with Iofi and Pochi-sensei seem just like those of old friends (and punmasters)! As always, your illustrations together are beautiful!",FALSE,FALSE,FALSE,TRUE,TRUE,https://www.youtube.com/watch?v=BuIuauiTfMc
„ÄêDRAWING„Äë NEW SUPER NENECHI,https://i3.ytimg.com/vi/XKCCSgf5ehs/maxresdefault.jpg,1/31/2021,"An illustration stream featuring your super cute wife! It's always impressive to see you draw, no matter how many times we see it.",FALSE,FALSE,FALSE,TRUE,FALSE,https://www.youtube.com/watch?v=XKCCSgf5ehs
„ÄêPhasmophobia„Äë Ghost-chan Handshake Event?,https://i3.ytimg.com/vi/vYf-uD82BG8/maxresdefault.jpg,2/5/2021,"An incredibly fun and chaotic collab with Reine, Iofi, and Pochi! All this laughter is contagious--wait, this is a horror game?",FALSE,FALSE,TRUE,FALSE,TRUE,https://www.youtube.com/watch?v=vYf-uD82BG8
„ÄêHollow Knight„Äë Swoosh Swoosh „Äê#1„Äë,https://i3.ytimg.com/vi/KihFTfe9ayo/maxresdefault.jpg,2/5/2021,The start to your first playthrough of an amazing game. Seeing you adapt and learn so quickly is truly a sight to behold!,FALSE,FALSE,TRUE,FALSE,FALSE,https://www.youtube.com/watch?v=KihFTfe9ayo
„ÄêDRAWING„Äë Valentine?!,https://i3.ytimg.com/vi/duZEXAFs_Yo/maxresdefault.jpg,2/14/2021,Congratulations on 800k subscribers! Just a bit more to that 1 million mark... Your design sense is shown once again as you make yourself a beautiful outfit to wear in this lovely illustration! Will you be our Valentine...?,FALSE,TRUE,FALSE,TRUE,FALSE,https://www.youtube.com/watch?v=duZEXAFs_Yo
„ÄêDRAWING„Äë Gesture Drawing + New Emotes #17,https://i3.ytimg.com/vi/jO7XV591sSQ/maxresdefault.jpg,2/21/2021,Gesture drawing and even more amazing emotes! Thank you for the W A H.,FALSE,FALSE,FALSE,TRUE,FALSE,https://www.youtube.com/watch?v=jO7XV591sSQ
„ÄêREADALONG„Äë Spice & Wolf Readalong!,https://i3.ytimg.com/vi/9wF4hxa7w40/maxresdefault.jpg,2/23/2021,"Another sponsored stream, but this time it's a cozy readalong stream of a series loved by many: Spice and Wolf! Even though you say aren't good at reading aloud, it was so calming!",FALSE,FALSE,FALSE,FALSE,FALSE,https://www.youtube.com/watch?v=9wF4hxa7w40
„ÄêKARAOKE„Äë Tako Sings,https://i3.ytimg.com/vi/ACV-i-b10io/maxresdefault.jpg,2/26/2021,An incredibly blessed unarchived AND archived karaoke. This set list was fantastic!,FALSE,TRUE,FALSE,FALSE,FALSE,https://www.youtube.com/watch?v=ACV-i-b10io
„ÄêHollow Knight„Äë LAMP „Äê#8.55„Äë,https://i3.ytimg.com/vi/u6J94L4mPpg/maxresdefault.jpg,3/7/2021,"And so concludes a great journey that spanned an entire month. WELL DONE! Watching you play through all of Hollow Knight was a wonderful time, and your introduction to this genre of games was a great one! We're glad you loved this game so much!",FALSE,FALSE,TRUE,FALSE,FALSE,https://www.youtube.com/watch?v=u6J94L4mPpg
„ÄêDRAWING„Äë Miku~ Miku~,https://i3.ytimg.com/vi/Hr8q3-bOYkI/maxresdefault.jpg,3/8/2021,"Drawing everybody's favorite Hatsune Miku on Mi-ku day (3/9). It was a super cute illustration! It makes a Tako wonder though, will this stream lead into something bigger...?",FALSE,TRUE,FALSE,TRUE,FALSE,https://www.youtube.com/watch?v=Hr8q3-bOYkI
„Äê6 MONTH ANNIVERSARY„Äë Half a Year of HoloEN!!!....and ANNOUNCEMENTS?!,https://i3.ytimg.com/vi/c3jibJ3Z0W4/maxresdefault.jpg,3/12/2021,"6 months already!? It felt like barely any time passed since your debut with the rest of HoloMyth. Naturally, the best way to celebrate this milestone is to... stave off impending doom with your friends? And what's this... plushies!?",TRUE,TRUE,TRUE,FALSE,TRUE,https://www.youtube.com/watch?v=c3jibJ3Z0W4
„ÄêRing Fit Adventure„Äë No Cost Too Great,https://i3.ytimg.com/vi/Ndn6wshN9Ow/maxresdefault.jpg,3/18/2021,Your second RFA stream! Please keep up the good work!,FALSE,FALSE,TRUE,FALSE,FALSE,https://www.youtube.com/watch?v=Ndn6wshN9Ow
„ÄêTouhou Spell Bubble„Äë ‚ë®,https://i3.ytimg.com/vi/rG2T4szVDmA/maxresdefault.jpg,3/20/2021,"A sponsored stream of Touhou Spell Bubble! Listening to you jam out to Bad Apple was very satisfying, but probably also gave a few Takos whiplash from the fact it's more than a decade old now...",FALSE,TRUE,TRUE,FALSE,FALSE,https://www.youtube.com/watch?v=rG2T4szVDmA
„ÄêMONSTER HUNTER RISE„Äë Rise to the Occasion!!!,https://i3.ytimg.com/vi/-XdYW0TRTvA/maxresdefault.jpg,3/26/2021,"The beginnings of Ina Ross! A masterful thumbnail, and it seems like you like this game... a lot.",FALSE,FALSE,TRUE,FALSE,FALSE,https://www.youtube.com/watch?v=-XdYW0TRTvA
„ÄêHOLOEN COLLAB„ÄëNot a Joke! Serious Outfit Reveal on April the 1st #yurumyth #hololiveEnglish,https://i3.ytimg.com/vi/JgW-7lHQBZw/maxresdefault.jpg,4/1/2021,"Finally, your very first outfit reveal! This is totally legit, right? Nothing suspicious here, just HoloEN having a good time while they play Jackbox Games.",FALSE,TRUE,TRUE,FALSE,TRUE,https://www.youtube.com/watch?v=JgW-7lHQBZw
„ÄêDRAWING„Äë Wah,https://i3.ytimg.com/vi/wA77S05idcY/maxresdefault.jpg,4/11/2021,Blessed OkaKoro art! The surprise Korone visit was incredibly adorable.,FALSE,FALSE,FALSE,TRUE,FALSE,https://www.youtube.com/watch?v=wA77S05idcY
„ÄêDRAWING„Äë Nier....Far...Wherever You Are...,https://i3.ytimg.com/vi/nSJCRGNC4oc/maxresdefault.jpg,4/14/2021,You got the amazing opportunity of drawing some fanart for one of your favorite series! We got to see your art process evolve as you experimented with different techniques that we haven't seen you try before!,FALSE,FALSE,FALSE,TRUE,FALSE,https://www.youtube.com/watch?v=nSJCRGNC4oc
„ÄêPaper Mario: The Origami King„Äë It'sa ME! „Äê#1„Äë,https://i3.ytimg.com/vi/mc5Q24c2a5M/maxresdefault.jpg,4/17/2021,"The start of a paper journey! The dialogue in this game is a ton of fun, and the stream was really entertaining to watch!",FALSE,FALSE,TRUE,FALSE,FALSE,https://www.youtube.com/watch?v=mc5Q24c2a5M
„ÄêDRAWING„Äë Nier-ly Time!!,https://i3.ytimg.com/vi/kbk95gShj-0/maxresdefault.jpg,4/18/2021,Ending W: [W]ahnderful art... this was a beautiful illustration to commemorate one of your favorite video game series!,FALSE,FALSE,FALSE,TRUE,FALSE,https://www.youtube.com/watch?v=kbk95gShj-0
„ÄêDRAWING„Äë INAFF,https://i3.ytimg.com/vi/ortyajpctTI/maxresdefault.jpg,4/25/2021,The Ame illustration from back in September of last year! The atmosphere and lighting in this piece are incredible.,FALSE,FALSE,FALSE,TRUE,FALSE,https://www.youtube.com/watch?v=ortyajpctTI
„ÄêNieR:Automata„Äë THIS CAN (NOT) CONTINUE „Äê#1„Äë,https://i3.ytimg.com/vi/5YooJXIGXgA/maxresdefault.jpg,4/29/2021,The start of a playthrough of one of your favorite games! Being able to experience it together with you makes it even better.,FALSE,FALSE,TRUE,FALSE,FALSE,https://www.youtube.com/watch?v=5YooJXIGXgA
„ÄêNieR:Automata„Äë BECOME AS TAKO „Äê#3„Äë,https://i3.ytimg.com/vi/sv1FDqyprjo/maxresdefault.jpg,5/2/2021,"Seeing you play this game to the end during Golden Week was an incredible experience, thank you!",FALSE,FALSE,TRUE,FALSE,FALSE,https://www.youtube.com/watch?v=sv1FDqyprjo
„ÄêNEW OUTFIT REVEAL„Äë The Joy of Tako #fashionINAsta,https://i3.ytimg.com/vi/AVowcwLSjn8/maxresdefault.jpg,5/5/2021,"Finally, your very first outfit reveal! We Takodachi have been excited for so long, and Kuroboshi-papa's wonderful designs always impress--you look absolutely amazing in painter's attire!",TRUE,TRUE,FALSE,FALSE,FALSE,https://www.youtube.com/watch?v=AVowcwLSjn8
„ÄêCOLLAB„Äë Battle of Doot ft. Calli,https://i3.ytimg.com/vi/46jztoRaT_s/maxresdefault.jpg,5/11/2021,An absolutely legendary battle between two masters of the recorder... Who won? Everybody!,FALSE,FALSE,FALSE,FALSE,TRUE,https://www.youtube.com/watch?v=46jztoRaT_s
"Take Me Home, Country Roads - hololive English -Myth- Cover",https://i3.ytimg.com/vi/I1cdQp5uz5s/maxresdefault.jpg,5/14/2021,"A full -Myth- collab cover! What a wonderful cover it is, too! Country roads, take me home~~",FALSE,TRUE,FALSE,FALSE,TRUE,https://www.youtube.com/watch?v=I1cdQp5uz5s
„ÄêMinecraft„Äë Alexa Play Ungravel,https://i3.ytimg.com/vi/IFcmRn0iCpw/maxresdefault.jpg,5/18/2021,"""You missed a call from Takanashi Kiara...""",FALSE,FALSE,TRUE,FALSE,FALSE,https://www.youtube.com/watch?v=IFcmRn0iCpw
„ÄêBAYONETTA„Äë Flyyy Awayyyy Nowwww „Äê#1„Äë,https://i3.ytimg.com/vi/DwoWRJ6M3po/maxresdefault.jpg,5/19/2021,"The beginning of a very stylish journey, filled with countless WATOTO.",FALSE,FALSE,TRUE,FALSE,FALSE,https://www.youtube.com/watch?v=DwoWRJ6M3po
Birthday YAY!!!! #BirthdayINA2021,https://i3.ytimg.com/vi/feZ6wFb-q-0/maxresdefault.jpg,5/20/2021,"Happy Birthday Ina! You're finally [REDACTED] years old! Seeing everyone call in was so wholesome, and we finally have our own takodachis to sit on! And what's this... a new original song??",TRUE,TRUE,FALSE,FALSE,TRUE,https://www.youtube.com/watch?v=feZ6wFb-q-0
„ÄêCHAT„Äë #WAHnMILLION YAKISOBAAAaaaa,https://i3.ytimg.com/vi/VS4N6ZZtA-A/maxresdefault.jpg,5/27/2021,"1 million Takodachi! This is truly something to behold. It will only go up from here, so let's keep moving forward!",TRUE,TRUE,FALSE,FALSE,FALSE,https://www.youtube.com/watch?v=VS4N6ZZtA-A
„ÄêDRAWING„Äë The Name is Yuul B. Alwright,https://i3.ytimg.com/vi/iGynK6lZYeQ/maxresdefault.jpg,6/14/2021,"Another character design stream, but this time you drew your very own character for the TTRPG!",FALSE,TRUE,FALSE,TRUE,FALSE,https://www.youtube.com/watch?v=iGynK6lZYeQ
„ÄêTTRPG„Äë Meet Yuul B. Alwright TUTORIAL EDITION,https://i3.ytimg.com/vi/bXwW-g6P3zI/maxresdefault.jpg,6/15/2021,"Your very first TTRPG stream, with Calli teaching you the basics of the game! The ending was abrupt... at least you had pizza?",FALSE,TRUE,TRUE,FALSE,TRUE,https://www.youtube.com/watch?v=bXwW-g6P3zI
„ÄåDAL ITEMS Vol.1„ÄçDRAW A LOT√óÂàùÈü≥„Éü„ÇØ Art by Ninomae Ina‚Äônis(hololive EN) Supported by Wacom/CLIP STUDIO,https://i3.ytimg.com/vi/nFQhhySjLwg/maxresdefault.jpg,6/16/2021,DRAW A LOT and an official sponsorship from Wacom and CLIP STUDIO!! It's absolutely amazing that you were able to do something like this--we hope that there may be many more opportunities like this in the future! To think that this came to be from your Miku day illustration stream... May this stream inspire many aspiring artists to continue working hard.,TRUE,TRUE,FALSE,TRUE,FALSE,https://www.youtube.com/watch?v=nFQhhySjLwg
„ÄêTHE WONDERFUL 101„Äë TAKODACHIS.....Assemble? „Äê#1„Äë,https://i3.ytimg.com/vi/7lccQAqFq7c/maxresdefault.jpg,6/23/2021,The start of your tako unification series!,FALSE,FALSE,TRUE,FALSE,FALSE,https://www.youtube.com/watch?v=7lccQAqFq7c
„ÄêMinecraft„Äë Usaken Summer Festival with Lamy chan~!!,https://i3.ytimg.com/vi/a7CvRf4vFYc/maxresdefault.jpg,6/27/2021,Your first one-on-one collab with Lamy--and it's a date! This summer festival will be one to remember.,FALSE,FALSE,TRUE,FALSE,TRUE,https://www.youtube.com/watch?v=a7CvRf4vFYc
Anime Expo Lite 2021,https://cdn.discordapp.com/attachments/884983162768330783/886497515036377088/E4ltFoXUUAIAvM3.png,7/3/2021,"Your first-ever convention! The Myth crew joins together for two panels, lots of laughs, some Q&A, and even more exclusive merch!",TRUE,TRUE,FALSE,FALSE,TRUE,https://www.anime-expo.org/2021/06/23/hololive-en-joins-anime-expo-lite-2021/
Drawfest - Ninomae Ina'nis - Let's draw Ninomae Ina'nis ! „Åø„Çì„Å™„Åß Ninomae Ina'nis „ÇíÊèè„Åì„ÅÜÔºÅ,https://i3.ytimg.com/vi/6gd-92RdSt4/maxresdefault.jpg,7/7/2021,"Another huge event for you; this time Pixiv invited you to participate in Drawfest, an online, interactive drawing festival for the global art community!",TRUE,TRUE,FALSE,TRUE,FALSE,https://www.youtube.com/watch?v=6gd-92RdSt4
MOLLY.ONLINE x Shirogane Noel/Shiranui Flare,https://cdn.discordapp.com/attachments/884983162768330783/886505816025341952/d30268-453-da3dc6668ac4eaaef27b-11.png,7/8/2021,The MOLLY.ONLINE merchandise for Hololive's own NoeFlare that you made illustrations for was released--they must have really liked your first fanart of them together!,FALSE,TRUE,FALSE,TRUE,FALSE,https://prtimes.jp/main/html/rd/p/000000453.000030268.html
„ÄêMinecraft„Äë UPRP UPRP,https://i3.ytimg.com/vi/SIp3OFiYSzA/maxresdefault.jpg,7/8/2021,"A stream full of accomplishments and philosophical discussion. Uparupa sure is fun to say! Wait, where are the uparupas...?",FALSE,FALSE,TRUE,FALSE,FALSE,https://www.youtube.com/watch?v=SIp3OFiYSzA
„ÄêMinecraft„Äë Ender Dragon Hunt with HoloEN!!!,https://i3.ytimg.com/vi/yYutuz3I5FU/maxresdefault.jpg,7/22/2021,The girls of Hololive Myth embark on epic journey! How many bodies must be thrown at the Ender Dragon before Myth triumphs?!,FALSE,FALSE,TRUE,FALSE,TRUE,https://www.youtube.com/watch?v=yYutuz3I5FU
„ÄêMinecraft„Äë END EXPLORATION,https://i3.ytimg.com/vi/jj4yfUwRV-I/maxresdefault.jpg,7/23/2021,"The hunt for ender cities begin! Will you find an end ship and acquire an elytra for yourself? Spoiler: There was an end ship, alright. Not too sure about the elytra.",FALSE,FALSE,TRUE,FALSE,FALSE,https://www.youtube.com/watch?v=jj4yfUwRV-I
„ÄêResident Evil 7: Biohazard„Äë W-W-WAH „Äê#1„Äë,https://i3.ytimg.com/vi/mzR5CjLXZtE/maxresdefault.jpg,7/26/2021,"The start of horror game week, featuring the much beloved Resident Evil 7: Biohazard! There's nothing quite like shooting at people while wildly exclaiming ""Let's talk!"" is there?",FALSE,FALSE,TRUE,FALSE,FALSE,https://www.youtube.com/watch?v=mzR5CjLXZtE
„ÄêCHAT„Äë Summer Time! Tako Time!...and?,https://i3.ytimg.com/vi/Ua6udlJdsKE/maxresdefault.jpg,8/4/2021,"The last stream before your summer ""break!"" But you have something special in store for us...",FALSE,TRUE,FALSE,FALSE,FALSE,https://www.youtube.com/watch?v=Ua6udlJdsKE
„ÄéVIOLET„Äè - Ninomae Ina'nis,https://i3.ytimg.com/vi/8ZdLXELdF9Q/maxresdefault.jpg,8/4/2021,"It was teased for a few months, but the day finally came. The wait was absolutely worth it! Your very first original song! And you sound amazing! And the background track is amazing! And the art is amazing, and so is the MV! And-",TRUE,TRUE,FALSE,FALSE,FALSE,https://www.youtube.com/watch?v=8ZdLXELdF9Q
„ÄêCHAT„Äë I'M BACK!!!!,https://i3.ytimg.com/vi/F83AOHeRtIA/maxresdefault.jpg,8/12/2021,"We welcome you back from your week break! Although break is probably too generous of a word... You reveal to us some more lore, and a sneak peak of ACOUSTIC VIOLET!",FALSE,TRUE,FALSE,FALSE,FALSE,https://www.youtube.com/watch?v=F83AOHeRtIA
„ÄêGartic Phone„Äë HoloENana Phone,https://i3.ytimg.com/vi/qPPTKLi9uw8/maxresdefault.jpg,8/12/2021,"The first HoloMyth and Project: HOPE full collab! Featuring beautiful drawings from all EN members, with a special fluffy surprise at the end!",TRUE,TRUE,TRUE,FALSE,TRUE,https://www.youtube.com/watch?v=qPPTKLi9uw8
„ÄêMinecraft„Äë END EXPLORATION Pt.2,https://i3.ytimg.com/vi/S630gqcJ0CQ/maxresdefault.jpg,8/13/2021,...Glad the end ship wasn't cut in half this time. You now have your very own elytra! Isn't it amazing just how high and fast you can soar with it?,FALSE,FALSE,TRUE,FALSE,FALSE,https://www.youtube.com/watch?v=S630gqcJ0CQ
„ÄêEnder Lilies„Äë Begin! „Äê#1„Äë,https://i3.ytimg.com/vi/1fOMSWjxsAw/maxresdefault.jpg,8/17/2021,Your very first Ender Lilies stream! You seem to really enjoy these types of games now!,FALSE,FALSE,TRUE,FALSE,FALSE,https://www.youtube.com/watch?v=1fOMSWjxsAw
„ÄêTHE WONDERFUL 101„Äë TAKODACHIS UNITE...UNLIMITED...FORM? „Äê#6„Äë,https://i3.ytimg.com/vi/60AzXNCJIgk/maxresdefault.jpg,8/20/2021,The final Wonderful 101 stream... UNITE TAKO!,FALSE,FALSE,TRUE,FALSE,FALSE,https://www.youtube.com/watch?v=60AzXNCJIgk
„ÄêTTRPG & Gartic Phone„Äë HUNTERS PARTY HARD with GARTIC PHONE,https://i3.ytimg.com/vi/n7VGI7x9F0s/maxresdefault.jpg,8/24/2021,"The first full ""TTRPG"" stream on your channel--but it turned into a fun chatting and Gartic Phone stream!",FALSE,FALSE,TRUE,FALSE,TRUE,https://www.youtube.com/watch?v=n7VGI7x9F0s
„ÄêMario Kart 8DX Tournament„Äë LET'S GET DOWN TO BUSINESS EN x ID Tournament!!,https://i3.ytimg.com/vi/Tw5Ft4VDkfk/maxresdefault.jpg,8/27/2021,Your training arc paid off--you show off your incredible tako drifting and win the first full EN x ID tournament collab! Just how powerful can one priestess be!?,FALSE,FALSE,TRUE,FALSE,TRUE,https://www.youtube.com/watch?v=Tw5Ft4VDkfk
„ÄêIt Takes Two„Äë Hope for Teamwork!! „Äê#1„Äë,https://i3.ytimg.com/vi/Uykz_Q3-Kq4/maxresdefault.jpg,8/27/2021,The beginning of something special... hopefully you won't get divorced!,FALSE,FALSE,TRUE,FALSE,TRUE,https://www.youtube.com/watch?v=Uykz_Q3-Kq4
Fan Expo Boston 2021,https://cdn.discordapp.com/attachments/884983162768330783/886494569590558740/E66ZO7NX0AU03zJ.png,9/3/2021,"Your latest convention appearance at Boston--this time with Ame and Kiara to enjoy your company as you have another Q&A session, and some more convention merch!",TRUE,TRUE,FALSE,FALSE,TRUE,https://fanexpohq.com/fanexpoboston/fan-expo-boston-x-hololive-en-2021-vtuber-tour/
„ÄêEnder Lilies„Äë Tiro Finale! „Äê#5„Äë,https://i3.ytimg.com/vi/DmmRtze0KKE/maxresdefault.jpg,9/4/2021,TIRO FINALE! You completed Ender Lilies with flying colors!,FALSE,FALSE,TRUE,FALSE,FALSE,https://www.youtube.com/watch?v=DmmRtze0KKE
„ÄêDRAWING„Äë TakoEats Beauty Division,https://i3.ytimg.com/vi/CpbCaWmyLdE/maxresdefault.jpg,9/9/2021,A fun drawing stream in which you design new hairstyles for all of HoloMyth!,FALSE,FALSE,FALSE,TRUE,FALSE,https://www.youtube.com/watch?v=CpbCaWmyLdE
„ÄêIt Takes Two„Äë Hope 3.33 „Äê#3„Äë,https://i3.ytimg.com/vi/fxixCZU5aoY/maxresdefault.jpg,9/10/2021,"Your teamwork pays off in this final stream, and you show your full potential together!",FALSE,FALSE,TRUE,FALSE,TRUE,https://www.youtube.com/watch?v=fxixCZU5aoY
It's been a WAHnderful Year!!!! #WAHnniversary,https://i3.ytimg.com/vi/q-zHTI7kiM8/maxresdefault.jpg,9/11/2021,"It really has been a WAHnderful year! (Though, the mental damage you suffered from watching your debut stream probably wasn't all that wahnderful...) Congratulations on your 1st debut anniversary! May you achieve much this year as well, we'll be here to support you every step of the way!",TRUE,TRUE,FALSE,FALSE,FALSE,https://www.youtube.com/watch?v=q-zHTI7kiM8
„Äê1 YEAR ANNIVERSARY„ÄëA Whole Year of...!?!? #Mythiversary,https://i3.ytimg.com/vi/bZghtnL3y3k/maxresdefault.jpg,9/12/2021,"Hey, this was last year! Not today, not yesterday, not a few days ago... Crazy how it's already been a year! Congratulations to you and Myth on your first debut anniversary! Thank you for all your hard work, and we'll be sure to support all of you from now on too! Also the smol models were really cute!",TRUE,TRUE,FALSE,FALSE,TRUE,https://www.youtube.com/watch?v=bZghtnL3y3k
[Original MV] Domination! All the World Is an Ocean,https://i3.ytimg.com/vi/MKEb-Ox1KEw/maxresdefault.jpg,9/18/2021,Announcing the release of the first ever original song of a JP-EN collab unit brought together by their common oceanic theme! The animated shorts that came with the group collaborations were so cute! We loved your voice-acting~,TRUE,TRUE,FALSE,FALSE,TRUE,https://www.youtube.com/watch?v=MKEb-Ox1KEw
„Äé1/0„Äè,https://img.youtube.com/vi/t2n90NUzncQ/mqdefault.jpg,9/22/2021,Still probably the coolest announcement for a Super Bunny Man collab anyone has ever watched... and the start of INASANATY,TRUE,TRUE,FALSE,FALSE,TRUE,https://www.youtube.com/watch?v=t2n90NUzncQ
„ÅÜ„Åæ„Å¥„Çá„ÅÑ‰ºùË™¨ /Cover „Éõ„É≠„É©„Ç§„Éñ,https://i3.ytimg.com/vi/6Wbto57VKWk/maxresdefault.jpg,10/3/2021,"You drew the illustrations for the holoJP Umapyoi cover, as suggested by Marine to Aqua! You even got to have your very own voiceline as the announcer in the beginning of the song!",TRUE,TRUE,FALSE,FALSE,TRUE,https://www.youtube.com/watch?v=6Wbto57VKWk
Verified on Twitter,https://pbs.twimg.com/profile_images/1491177795447230464/CuUdYpmC_400x400.jpg,10/12/2021,You got your Twitter account verified! The checkmark looks nice~,FALSE,TRUE,FALSE,FALSE,FALSE,
„ÄêDRAWING„Äë Oh Nyo,https://i3.ytimg.com/vi/esgESgYGTzA/maxresdefault.jpg,10/15/2021,Your first VR drawing stream! We always love to see how creative you can get--and VR unlocked a new realm of possibilities for 3D art!,FALSE,TRUE,FALSE,TRUE,FALSE,https://www.youtube.com/watch?v=esgESgYGTzA
DigiKomi x Amazon 2021: Hololive EN Q&A with Gawr Gura and Ninomae Ina'nis,https://i3.ytimg.com/vi/jXJC0_RgeLA/maxresdefault.jpg,10/21/2021,You got to participate in DigiKomi 2021 alongside Gura for a Q&A session!,TRUE,TRUE,FALSE,FALSE,TRUE,https://www.youtube.com/watch?v=jXJC0_RgeLA
„ÄêMinecraft„Äë EN Server Tour with Matsuri-senpai!,https://i3.ytimg.com/vi/K4wmf_Sft18/maxresdefault.jpg,10/25/2021,Your first one-on-one collab with Matsuri! It was so fun seeing your reactions to GOD herself!,FALSE,FALSE,TRUE,FALSE,TRUE,https://www.youtube.com/watch?v=K4wmf_Sft18
„ÄêResident Evil Village„Äë MAMMA MIA „Äê#1„Äë,https://i3.ytimg.com/vi/umyaBSdxboo/maxresdefault.jpg,10/27/2021,You started your RE8: Village playthrough! It was so fun watching you get through it without much problem!,FALSE,FALSE,TRUE,FALSE,FALSE,https://www.youtube.com/watch?v=umyaBSdxboo
"„ÄêCOLLAB„Äë Happy Holoween with HoloEN!!!
",https://i3.ytimg.com/vi/q_2wqvu-tbY/maxresdefault.jpg,10/31/2021,"All of Hololive EN came together to celebrate Holoween! Ghost stories, labyrinths--and it seems like the shark bros made a lasting impression... plus, the release of Myth or Treat, the first-ever holoMyth original song!",TRUE,TRUE,TRUE,FALSE,TRUE,https://www.youtube.com/watch?v=q_2wqvu-tbY
[Original MV] Myth or Treat - Happy Halloween,https://i3.ytimg.com/vi/VupT9JCJaOY/maxresdefault.jpg,11/1/2021,"The first-ever holoMyth original song is released--complete with an MV, right after the full Hololive EN Holoween collaboration! I got a theory chat's possessed...",TRUE,TRUE,FALSE,FALSE,TRUE,https://www.youtube.com/watch?v=VupT9JCJaOY
„ÄêHATSUNE MIKU: COLORFUL STAGE!„Äë Global Release Sneak Peek + Live Drawing!!,https://i3.ytimg.com/vi/0m6fJ6uFuFc/maxresdefault.jpg,11/2/2021,"Yet another collaboration with Miku--but this time you showed us your favorite 25ÊôÇ characters, and even drew Miku in her Nightcord outfit!",FALSE,TRUE,TRUE,TRUE,FALSE,https://www.youtube.com/watch?v=0m6fJ6uFuFc
‚â™MINECRAFT | HOLO SPORTS FESTIVAL‚â´ MAY THE BEST TEAM WIN! #holoSportsfestival,https://i3.ytimg.com/vi/D6T6_UIJoc0/maxresdefault.jpg,11/6/2021,"You participated in the Minecraft Holo Sports Festival! Alongside White Team C, you fought your hardest and ended up typing with the Red team! Everybody wins in the end~",TRUE,TRUE,TRUE,FALSE,TRUE,https://www.youtube.com/watch?v=D6T6_UIJoc0
„ÄéÊóÖ„ÅÆÈÄî‰∏≠„Äè Ninomae Ina'nis (Cover),https://i3.ytimg.com/vi/NIv_yYKl9tQ/maxresdefault.jpg,12/2/2021,"Your first-ever solo cover, and you made the entire MV yourself! It was really enjoyable to see your process behind making the whole thing, and the song is so nostalgic!",TRUE,TRUE,FALSE,FALSE,FALSE,https://www.youtube.com/watch?v=NIv_yYKl9tQ
OMOCAT x hololive English,https://pbs.twimg.com/media/FFYbEGdUcAEg8Cv?format=jpg&name=medium,12/3/2021,holoMyth got their own merch collaboration with OMOCAT! The merch is so cute and we even got to see an interview you participated in!,TRUE,TRUE,FALSE,FALSE,FALSE,https://www.omocat-shop.com/collections/omocat-x-hololive-en
"„ÄêNEW OUTFIT REVEAL„Äë I'm in a Dress!!! #INAINADRESS
",https://i3.ytimg.com/vi/ND3ai2gSipc/maxresdefault.jpg,12/11/2021,"The second new outfits for holoMyth--this time it was a party theme! You look stunning in your dress, and even went out of your way to make us an entire garden to relax in!",TRUE,TRUE,FALSE,FALSE,FALSE,https://www.youtube.com/watch?v=ND3ai2gSipc
‚â™DRAWING 101‚â´ PLEASE TEACH ME SENSEI,https://i3.ytimg.com/vi/nnX6LW-payQ/maxresdefault.jpg,12/13/2021,Your first one-on-one collab with Bae! WHAT A DEAL!,FALSE,FALSE,FALSE,TRUE,TRUE,https://www.youtube.com/watch?v=nnX6LW-payQ
Auryn Corp. x Hatsune Miku Collab,https://prtimes.jp/i/86759/4/resize/d86759-4-68cb649b5342ee731d24-7.png,12/17/2021,You illustrated Miku for a backpack collaboration with Auryn Corp.! It's always so exciting to see you illustrate merchandise items!,FALSE,TRUE,FALSE,FALSE,FALSE,https://prtimes.jp/main/html/rd/p/000000004.000086759.html
The Twelve Days of Christmas - hololive English Cover,https://i3.ytimg.com/vi/kPyLnwSXqkA/maxresdefault.jpg,12/20/2021,All of Hololive EN came together for the holiday season for the first full holoEN group cover with IRyS and Council!,TRUE,TRUE,FALSE,FALSE,TRUE,https://www.youtube.com/watch?v=kPyLnwSXqkA
„ÄêHoloEN„ÄëChristmas Party~ #HoloHolidays,https://i3.ytimg.com/vi/2iXo0YDhoCA/maxresdefault.jpg,12/20/2021,The full Hololive EN Christmas party! It was such a blast watching everyone's perspectives in this stream--and the gift-giving at the end was such a treat!,TRUE,TRUE,FALSE,FALSE,TRUE,https://www.youtube.com/watch?v=2iXo0YDhoCA
„ÅÑ„Äú„ÇÑ„ÅÑ„Äú„ÇÑ„ÅÑ„Äú„ÇÑ(Whatever whatever whatever),https://i3.ytimg.com/vi/R5yfM_UlucY/maxresdefault.jpg,12/22/2021,"Your first-ever duet cover, and it's with Kiara! This takotori cover is such a bop people may not realize the darker lyrics...",TRUE,TRUE,FALSE,FALSE,TRUE,https://www.youtube.com/watch?v=R5yfM_UlucY
„ÄêCooking„Äë Making Cheesecake!!!,https://i3.ytimg.com/vi/YL6L7zbJtZk/maxresdefault.jpg,12/23/2021,You made some sweets and chatted with us while manoeuvring around your kitchen... bedroom? ,FALSE,TRUE,FALSE,FALSE,FALSE,https://www.youtube.com/watch?v=YL6L7zbJtZk
„ÄêChatting„Äë Holidays Memories & Finishing Q&A!,https://i3.ytimg.com/vi/lpBCpwa55rM/maxresdefault.jpg,12/25/2021,A fantastic stream where you finished up the end-of-the-year Q&A and read aloud some holiday memories from fellow takos! We all loved to hear some of your own holiday stories as well!,FALSE,TRUE,FALSE,FALSE,FALSE,https://www.youtube.com/watch?v=lpBCpwa55rM
„ÄêChatting„Äë Looking Back at Stuff I Drew In 2021,https://i3.ytimg.com/vi/eZmls5E20Eg/maxresdefault.jpg,12/29/2021,You looked back at the many artworks you made in 2021 and placed your favorite ones on a calendar! The variety of artworks shows your breadth of knowledge!,FALSE,FALSE,FALSE,TRUE,FALSE,https://www.youtube.com/watch?v=eZmls5E20Eg
„ÄêKaraoke„Äë Ina Ina Inaaaaa!! New Year's Karaoke Relay!!!!,https://i3.ytimg.com/vi/WN-Bw81o-xo/maxresdefault.jpg,12/31/2021,You participated in the Hololive EN New Year's karaoke relay! It was a wonderful time listening to everyone sing--we got some classics and some new songs as well!,FALSE,TRUE,FALSE,FALSE,FALSE,https://www.youtube.com/watch?v=WN-Bw81o-xo
Ochame Kinou - hololive English Cover,https://i3.ytimg.com/vi/uFJHdT_ie9U/maxresdefault.jpg,1/1/2022,The second full Hololive EN group cover song--this time it's for the classic Ochame Kinou! We're glad EN got to have their own version as well!,TRUE,TRUE,FALSE,FALSE,TRUE,https://www.youtube.com/watch?v=uFJHdT_ie9U
"„Äê#HOLONEWYEARCUP2022„Äë Let's GOOOOO!!!!!
",https://i3.ytimg.com/vi/VNq7_7tfrRM/maxresdefault.jpg,1/7/2022,"You got to participate in the Holo New Year Cup 2022, and placed 6th place overall in your group! Perfectly balanced.",FALSE,TRUE,TRUE,FALSE,TRUE,https://www.youtube.com/watch?v=VNq7_7tfrRM
„ÄêNEW OUTFIT REVEAL„Äë Tako Doko? #HoloENKimonoRelay,https://i3.ytimg.com/vi/95yPJiiiZTs/maxresdefault.jpg,1/8/2022,"The third outfit reveals for holoMyth, this time in kimonos! Kuroboshi is truly a master of his craft--your kimono looks so beautiful! Fanartists beware...",TRUE,TRUE,FALSE,FALSE,FALSE,https://www.youtube.com/watch?v=95yPJiiiZTs
„ÄêMV„Äë Journey Like a Thousand Years,https://i3.ytimg.com/vi/pKJErsN-ylU/maxresdefault.jpg,1/8/2022,"The second holoMyth original song--just in time for the start of the new year! The illustrations you made blew us away, especially with all those intricate kimono designs...",TRUE,TRUE,FALSE,FALSE,TRUE,https://www.youtube.com/watch?v=pKJErsN-ylU
"„ÄêChatting„Äë New Year's Resolutions and Chatting!
",https://i3.ytimg.com/vi/QM0ImlXC5Eo/maxresdefault.jpg,1/10/2022,"GOALS FOR 2022: Go outside at least once a week, Ride bike 350 km in one year (stretch goal 549.99 km), Release at least two cover songs (stretch goal one original song), Do a proper cooking stream, Collab with someone you haven't collaborated with, Full Japanese-only stream, and Release artbook as goods!",TRUE,TRUE,FALSE,FALSE,FALSE,https://www.youtube.com/watch?v=QM0ImlXC5Eo
„ÄêMinecraft„Äë M-my House...,https://i3.ytimg.com/vi/XkbKNPf0pLQ/maxresdefault.jpg,1/13/2022,"Your house may have caught fire, but you gave us takos a wonderful sakura tree brain!",FALSE,FALSE,TRUE,FALSE,FALSE,https://www.youtube.com/watch?v=XkbKNPf0pLQ
[MINECRAFT] magic mouse castle world,https://i3.ytimg.com/vi/NdczOAVJgsI/maxresdefault.jpg,1/14/2022,MICHAEL MOOSE IS REAL!,FALSE,TRUE,TRUE,FALSE,TRUE,https://www.youtube.com/watch?v=NdczOAVJgsI
"1,000,000 Twitter followers!",https://pbs.twimg.com/profile_images/1491177795447230464/CuUdYpmC_400x400.jpg,1/20/2022,"You received the milestone of having 1,000,000 followers on Twitter!",FALSE,TRUE,FALSE,FALSE,FALSE,
Houshou Marine Fan Book & Comic Anthology,https://cdn.discordapp.com/attachments/857678148048519208/1019333364454522900/unknown.png,1/26/2022,You illustrated Marine for her anthology book! This was really amazing to see you block out the composition live--you can get your own copy of the anthology to see the finished illustration!,FALSE,TRUE,FALSE,TRUE,FALSE,https://www.cdjapan.co.jp/product/NEOBK-2691386
Aqua Iro in Wonderland,https://pbs.twimg.com/media/FGsUzqDUcAMLBwC?format=jpg&name=large,1/28/2022,"You were featured alongside Gura and Marine in Aqua's solo concert! The UMISEA bond is strong, and you sung wonderfully with the others!",TRUE,TRUE,FALSE,FALSE,TRUE,https://twitter.com/hololive_En/status/1472129515153330176
Nintendo Direct Feb 2022 Watchalong! ‚ÄªNot a Mirror Stream,https://i3.ytimg.com/vi/EHpxi7khHb0/maxresdefault.jpg,2/9/2022,TOMORROW,FALSE,TRUE,FALSE,FALSE,FALSE,https://www.youtube.com/watch?v=EHpxi7khHb0
„ÄêBOTW„Äë From Zako to Tako „Äê#1„Äë,https://i3.ytimg.com/vi/o7BSE-74u8U/maxresdefault.jpg,2/13/2022,The start of a new adventure! Oh boy I can't wait for BoTW Sundays--wait...,FALSE,FALSE,TRUE,FALSE,FALSE,https://www.youtube.com/watch?v=o7BSE-74u8U
„ÄêElden Ring„Äë Hi I'm New „ÄêSPOILER WARNING„Äë„Äê#1„Äë,https://i3.ytimg.com/vi/QJ0KSljk_jE/maxresdefault.jpg,3/3/2022,Your first Elden Ring stream! May this be the start of a long and prosperous journey...,FALSE,TRUE,TRUE,FALSE,FALSE,https://www.youtube.com/watch?v=QJ0KSljk_jE
„ÄêKFP DANCE SCHOOL„ÄëMYTH GET DOWN ON THE DANCEFLOOR #kfp #„Ç≠„Ç¢„É©„Ç§„Éñ,https://i3.ytimg.com/vi/ZYg0VmLfvBo/maxresdefault.jpg,3/16/2022,"We got to see Ina be a dancer! Kiara tried teaching the rest of Myth a few dance moves. It was really cute, but Ina was especially cute!",FALSE,TRUE,FALSE,FALSE,TRUE,https://www.youtube.com/watch?v=ZYg0VmLfvBo
„ÄêOriginal Animation„ÄëSmol Adventures EP 1: Link Your Wish!,https://i3.ytimg.com/vi/ZyuAdljyvoc/maxresdefault.jpg,3/18/2022,You debuted alongside smol EN in the very first Smol Adventures! This was an exciting episode right before the big Holofes!,FALSE,TRUE,FALSE,FALSE,TRUE,https://www.youtube.com/watch?v=ZyuAdljyvoc
„ÄêChat„Äë Thank You!!!! Looking Back at 3rd Fes!,https://i3.ytimg.com/vi/UfBbflsFd1o/maxresdefault.jpg,3/20/2022,You performed live at Link Your Wish! Seeing your VIOLET performance in 3D was incredibly breathtaking and emotional...,TRUE,TRUE,FALSE,FALSE,FALSE,https://www.youtube.com/watch?v=UfBbflsFd1o
„Äê ? „Äë,https://i3.ytimg.com/vi/r12ApuXBpPM/maxresdefault.jpg,4/1/2022,The yearly holoMyth April Fool's stream... this year's was such a blast! We loved seeing Ina's tummy... and her clown nose and hand-feet!,FALSE,TRUE,FALSE,FALSE,TRUE,https://www.youtube.com/watch?v=r12ApuXBpPM
„ÄêPHOGS„ÄëTurned Ourselves Into Dogs (REAL) With @Ninomae Ina'nis Ch. hololive-EN | #1,https://i3.ytimg.com/vi/F2aVlvsLoks/maxresdefault.jpg,4/14/2022,Your first one-on-one collab with Kronii! It's TAKOTIME!,FALSE,FALSE,FALSE,TRUE,TRUE,https://www.youtube.com/watch?v=F2aVlvsLoks
„ÄêDRAWING„Äë That One Time I Thought I at a Normal Time Only to Realize It Was the Next Day,https://i3.ytimg.com/vi/wgD8JAyBKYk/maxresdefault.jpg,4/15/2022,You drew a wonderful illustration as a celebration for Tabi no Tochuu hitting 2 million views! Congratulations!,FALSE,TRUE,FALSE,TRUE,FALSE,https://www.youtube.com/watch?v=wgD8JAyBKYk
„ÄêChat„Äë I Lived but My PC Didn‚Äôt and Got Isekai‚Äôd to Be Reborn as Another PC,https://i3.ytimg.com/vi/oQa3tw4QBRk/maxresdefault.jpg,4/24/2022,That Time Ina Lived but Her PC Didn‚Äôt and Got Isekai‚Äôd to Be Reborn as Another PC,FALSE,FALSE,FALSE,TRUE,FALSE,https://www.youtube.com/watch?v=oQa3tw4QBRk
„ÄêDRAWING„Äë Chill Beats and Drawing _(:3/ L)_,https://i3.ytimg.com/vi/n-xG1as906g/maxresdefault.jpg,4/29/2022,You tried animating on stream for the first time! It was really cool to see you drawing with a process you don't usually use! Takos are really cute...,FALSE,TRUE,FALSE,TRUE,FALSE,https://www.youtube.com/watch?v=n-xG1as906g
„ÄêFASHION DESIGN BATTLE„ÄëMaking Outfits For Council & Hope VS INA'NIS #kfp #„Ç≠„Ç¢„É©„Ç§„Éñ,https://i3.ytimg.com/vi/WPJ1hCktKx8/maxresdefault.jpg,5/5/2022,"The fashion design stream with Kiara, Mumei, and Fauna was so fun--we really loved seeing everyone in different outfits than they usually wear!",FALSE,FALSE,FALSE,TRUE,TRUE,https://www.youtube.com/watch?v=WPJ1hCktKx8
Valkyrie Connect Collaboration,https://i3.ytimg.com/vi/sc2XlSYvL9Q/maxresdefault.jpg,5/10/2022,"You got another collaboration opportunity with a game alongside Kiara, Laplus, and Pekora--this time it was with Valkyrie Connect, a mobile gacha game! Perfect for a leviathan...",TRUE,TRUE,TRUE,FALSE,TRUE,https://www.youtube.com/watch?v=sc2XlSYvL9Q
"„Äé„Å™„ÅÑ„Å™„ÅÑ„Äè Ninomae Ina'nis (Cover)
",https://i3.ytimg.com/vi/injd7gHrIGU/maxresdefault.jpg,5/19/2022,"Your first solo cover of 2022, and the second solo cover since debut! This Shadows House ED was a great choice, and the illustrations fit perfectly!",TRUE,TRUE,FALSE,FALSE,FALSE,https://www.youtube.com/watch?v=injd7gHrIGU
WHAT DAY IS IT????!??!? #BdayINA2022,https://i3.ytimg.com/vi/b36yXl6mNlo/maxresdefault.jpg,5/20/2022,HAPPY BIRTHDAY INA! You got so many call-ins from your friends and released some of your own merch once again! You look so good in a sundress!,TRUE,TRUE,FALSE,FALSE,TRUE,https://www.youtube.com/watch?v=b36yXl6mNlo
„ÄêHATSUNE MIKU: COLORFUL STAGE!„Äë Half Anniversary Celebrations & Live Drawing!!!!,https://i3.ytimg.com/vi/t-wAJuc_YaQ/maxresdefault.jpg,6/9/2022,Another sponsorship from Miku--but this time your illustration was put into the game! We always love to see your illustrations used after you put so much work into them!,FALSE,TRUE,TRUE,TRUE,FALSE,https://www.youtube.com/watch?v=t-wAJuc_YaQ
[hololive Alternative] 2nd Teaser,https://i3.ytimg.com/vi/fRsjv-JKyf8/maxresdefault.jpg,6/11/2022,You made your first appearance in hololive Alternative! Ina is so cute while jumping through void portals~,TRUE,TRUE,FALSE,FALSE,FALSE,https://www.youtube.com/watch?v=fRsjv-JKyf8
„Äê3D BIRTHDAY„ÄëPARTY TIME! üåä #gawrgura,https://i3.ytimg.com/vi/lsFr7NzVVM8/maxresdefault.jpg,6/20/2022,You participated in Gura's 3D Birthday live event! Your performance of Pretender was mesmerizing.,TRUE,TRUE,FALSE,FALSE,TRUE,https://www.youtube.com/watch?v=lsFr7NzVVM8
„ÄêHOLOMYTH„ÄëTogether At Last.,https://i3.ytimg.com/vi/n8hiq_IVZjs/maxresdefault.jpg,6/28/2022,"The full holoMyth off-collab finally arrived. Everyone was so excited to see everyone together after so long, it really felt like a Journey Like a Thousand Years!",TRUE,TRUE,FALSE,FALSE,TRUE,https://www.youtube.com/watch?v=n8hiq_IVZjs
„Äê#Kiara3DBirbday„ÄëDANCING TILL DAWN! 3D Birthday Concert!‚ú®‚ú®,https://i3.ytimg.com/vi/W0lICCjnuDs/maxresdefault.jpg,7/6/2022,You participated in Kiara's 3D Birthday live event! Your performance of Digital Girl with Ame was so cute! Nice dab.,TRUE,TRUE,FALSE,FALSE,TRUE,https://www.youtube.com/watch?v=W0lICCjnuDs
„Äê#inasanatanabata„ÄëTanabata Star Festival,https://i3.ytimg.com/vi/cObkYo5zMvI/maxresdefault.jpg,7/7/2022,The tanabata collab with Sana! We had a lot of fun filling out the slips and having you two read them aloud! We hope all of your wishes come true!,FALSE,TRUE,FALSE,FALSE,TRUE,https://www.youtube.com/watch?v=cObkYo5zMvI
„Äé„Éï„Çø„É™„Éú„Ç∑„Äè Ninomae Ina'nis & Tsukumo Sana (Cover),https://i3.ytimg.com/vi/84uvWfZqqeg/maxresdefault.jpg,7/15/2022,"Your second duet cover, this time with Sana! Your voices blend so well together in this bittersweet masterpiece, we're all glad we got to hear it!",TRUE,TRUE,FALSE,FALSE,TRUE,https://www.youtube.com/watch?v=84uvWfZqqeg
„ÄêART„Äëcomfy doodling with @Ninomae Ina'nis Ch. hololive-EN :D,https://i3.ytimg.com/vi/8hFluTgurXc/maxresdefault.jpg,7/15/2022,Your first one-on-one collab with Zeta! Your kouhai was so sudden with her love confession!,FALSE,FALSE,FALSE,TRUE,TRUE,https://www.youtube.com/watch?v=8hFluTgurXc
272727?,https://i3.ytimg.com/vi/JONJ3uqvhcs/maxresdefault.jpg,7/18/2022,Could this be the beginning to something larger...?,FALSE,TRUE,FALSE,FALSE,FALSE,https://www.youtube.com/watch?v=JONJ3uqvhcs
„ÄêStray„Äë CAT „Äê#1„Äë,https://i3.ytimg.com/vi/NxByUYRzj8Y/maxresdefault.jpg,7/20/2022,Cat? Caaaaaaaaaaaaat.,FALSE,FALSE,TRUE,FALSE,FALSE,https://www.youtube.com/watch?v=NxByUYRzj8Y
Sana is ETERNAL!,https://i3.ytimg.com/vi/t8vPcBsVIqY/maxresdefault.jpg,7/30/2022,You sung Yumeno Hajima Ring Ring and Ochame Kinou alongside the rest of Hololive EN! SANA IS ETERNAL!,TRUE,TRUE,FALSE,FALSE,TRUE,https://www.youtube.com/watch?v=t8vPcBsVIqY
Takotori Perfect Pitch @ Crunchyroll Expo 2022,https://pbs.twimg.com/media/FZgXgk_VEAAXtuV?format=jpg&name=large,8/6/2022,You participated in a CRX 2022 panel alongside Kiara! The Perfect Pitch panel was really funny to watch--especially with Yagoo in the crowd!,FALSE,TRUE,FALSE,FALSE,TRUE,https://twitter.com/ninomaeinanis/status/1556019651183669248
New office space!,https://media.discordapp.net/attachments/857678148048519208/1019330424071278703/unknown_7.png,8/6/2022,You held your very first Twitter space from the new office! Congratulations for getting everything set up!,TRUE,TRUE,FALSE,FALSE,FALSE,https://twitter.com/i/spaces/1nAKEYpRzXkKL
„ÄêMINECRAFT | #holoIDCup2022„ÄëHOLOID CUP TIME! GO GO GARUDA GO!!!,https://i3.ytimg.com/vi/f21Zx5QF0zk/maxresdefault.jpg,8/16/2022,Ina joins the holoID Cup 2022 on Team Garuda and takes home the victory! Though maybe you could have practiced Minecraft parkour a little more...,FALSE,TRUE,TRUE,FALSE,TRUE,https://www.youtube.com/watch?v=f21Zx5QF0zk
„ÄêCult of the Lamb„Äë Not A Cult BTW „Äê#1„Äë,https://i3.ytimg.com/vi/z5RbPPGnGY8/maxresdefault.jpg,8/18/2022,You started a cult for the very first time! Wait...,FALSE,FALSE,TRUE,FALSE,FALSE,https://www.youtube.com/watch?v=z5RbPPGnGY8
„ÄêRUST„Äë FEESH,https://i3.ytimg.com/vi/W5Pu-aM0Uto/maxresdefault.jpg,8/22/2022,The adventures of Ina the fisherman have begun in HoloRust Season 2!,FALSE,FALSE,TRUE,FALSE,FALSE,https://www.youtube.com/watch?v=W5Pu-aM0Uto
„ÄêPSO2 New Genesis„Äë HOLOLIVE COLLAB!!!!,https://i3.ytimg.com/vi/M16RGiE1CkA/maxresdefault.jpg,8/27/2022,"You got to be in a Hololive x PSO2NGS collaboration alongside Fubuki and Shien! It was so cool seeing you show off the cosmetics and voice lines in-game, and the concert watchalong at the end was the cherry on top!",TRUE,TRUE,TRUE,FALSE,FALSE,https://www.youtube.com/watch?v=M16RGiE1CkA
[Anime] Going Missing,https://i3.ytimg.com/vi/Wrpz5U6eO78/maxresdefault.jpg,8/28/2022,Myth's very first debut in Hologra! You and Gura have really improved your voice-acting; this episode delivered the chaotic nature of UMISEA and Holograffiti!,TRUE,TRUE,FALSE,FALSE,FALSE,https://www.youtube.com/watch?v=Wrpz5U6eO78
„ÄêMinecraft„Äë„Éõ„É≠ÈØñÂ§èÁ•≠„Çä with „Ç§„Éä„Å°„ÇÉ„ÇìÔºÅÔºÅÔºÅ„ÄêËßíÂ∑ª„Çè„Åü„ÇÅ/„Éõ„É≠„É©„Ç§„ÉñÔºîÊúüÁîü„Äë,https://i3.ytimg.com/vi/a0xz38ED6Lw/maxresdefault.jpg,8/29/2022,"You visited the Minecraft Summer Festival again this year, this time with Watame! The teetee meter was off the charts this stream...",FALSE,TRUE,FALSE,FALSE,TRUE,https://www.youtube.com/watch?v=a0xz38ED6Lw
summertime (cinnamons √ó evening cinema),https://i3.ytimg.com/vi/Ucwpn-JQqmI/maxresdefault.jpg,8/31/2022,"Your third duet cover, and this time it's with Nabi! Your drawing collabs with Nabi were so fun but we didn't expect this summer time banger!",TRUE,TRUE,FALSE,FALSE,TRUE,https://www.youtube.com/watch?v=Ucwpn-JQqmI
[3D LIVE] Climax Story Live,https://i3.ytimg.com/vi/zQuFRSi5ebc/maxresdefault.jpg,8/31/2022,You participated in the Climax Story Live concert and got to dance and sing alonside your senpais for the first time! You and the rest of UMISEA were so wonderful on the stage!,TRUE,TRUE,FALSE,FALSE,TRUE,https://www.youtube.com/watch?v=zQuFRSi5ebc
[hololive's Story w/ YAGOO!] hololive production's 5th Anniversary SP: Tokino Journey,https://i3.ytimg.com/vi/aVSEJ_Qs2Gk/maxresdefault.jpg,9/7/2022,You got to participate in the Hololive 5th anniversary special program alongside Bae! Your reactions are always cute...,FALSE,TRUE,FALSE,FALSE,TRUE,https://www.youtube.com/watch?v=aVSEJ_Qs2Gk
[Anime] Cutting Loose In PSO2,https://i3.ytimg.com/vi/PQ3--0NvUa8/maxresdefault.jpg,9/11/2022,"Technically your first Hologra appearance, but it was within PSO2! We got to see the full-resolution version, complete with subtitles!",FALSE,TRUE,FALSE,FALSE,TRUE,https://www.youtube.com/watch?v=PQ3--0NvUa8
HAPPY 2nd ANNIVERSARY!!!!!!!!!!! #Tako2sDay,https://i3.ytimg.com/vi/OrxbO9VdT4s/maxresdefault.jpg,9/13/2022,You celebrated your second anniversary and even ,TRUE,TRUE,FALSE,FALSE,FALSE,https://www.youtube.com/watch?v=OrxbO9VdT4s
